"user1","pw1","user1@qq.com","dd"
"user2","pw2","user2@qq.com","hh"
"user3","pw3","user3@qq.com","phone1"
"user4","pw4","user4@qq.com","ed"
"user5","pw5","user5@qq.com","sd"
"user6","password6","user6@qq.com","name6"
"sp2","pw2","sp2@qq.com","hh"
"sp3","pw3","sp3@qq.com","phone1"
"sp4","pw4","sp4@qq.com","ed"
"sp5","pw5","sp5@qq.com","sd"
"sp6","pw6","sp6@qq.com","name6"
"user9","pw9","user9@qq.com","bb"
"name1","password1","name1@qq.com","phone1"
"456","456","456@qq.com","456"
"234","234","234@qq.com","234"
"789","789","789@qq.com","789"
"aqq","qqq","qqq@qq.com","qqq"
"lqh","123","aaa","bbb"
